{
	"allowSleep" : true,
	"autoClearForces" : true,
	"body" :
	[

		{
			"angle" : 0,
			"angularVelocity" : 0,
			"awake" : true,
			"fixture" :
			[

				{
					"density" : 1,
					"friction" : 0.2,
					"name" : "fixture0",
					"polygon" :
					{
						"vertices" :
						{
							"x" :
							[
								-0.7188699841499329,
								-2.088148117065430,
								-5.517570018768311,
								-5.195480346679688
							],
							"y" :
							[
								-0.8355717658996582,
								-1.059634566307068,
								-2.382233381271362,
								-2.514497995376587
							]
						}
					}
				},

				{
					"density" : 1,
					"friction" : 0.2,
					"name" : "fixture0",
					"polygon" :
					{
						"vertices" :
						{
							"x" : [ 0.1462639272212982, -2.088148117065430, -0.7188699841499329 ],
							"y" : [ -0.1011396944522858, -1.059634566307068, -0.8355717658996582 ]
						}
					}
				},

				{
					"density" : 1,
					"friction" : 0.2,
					"name" : "fixture0",
					"polygon" :
					{
						"vertices" :
						{
							"x" :
							[
								2.766565322875977,
								1.913876771926880,
								0.1462639272212982,
								-0.7188699841499329
							],
							"y" :
							[
								0.7562153339385986,
								0.7499910593032837,
								-0.1011396944522858,
								-0.8355717658996582
							]
						}
					}
				},

				{
					"density" : 1,
					"friction" : 0.2,
					"name" : "fixture0",
					"polygon" :
					{
						"vertices" :
						{
							"x" :
							[
								5.287282466888428,
								5.088116168975830,
								1.913876771926880,
								2.766565322875977
							],
							"y" :
							[
								2.108376979827881,
								2.447574377059937,
								0.7499910593032837,
								0.7562153339385986
							]
						}
					}
				}
			],
			"linearVelocity" : 0,
			"massData-I" : 41.20551300048828,
			"massData-center" :
			{
				"x" : 0.4920411407947540,
				"y" : -0.007430359721183777
			},
			"massData-mass" : 3.718395709991455,
			"name" : "body0",
			"position" :
			{
				"x" : -0.08304283767938614,
				"y" : 9.958611488342285
			},
			"type" : 2
		}
	],
	"collisionbitplanes" :
	{
		"names" :
		[
			"bitplane1",
			"bitplane2",
			"bitplane3",
			"bitplane4",
			"bitplane5",
			"bitplane6",
			"bitplane7",
			"bitplane8",
			"bitplane9",
			"bitplane10",
			"bitplane11",
			"bitplane12",
			"bitplane13",
			"bitplane14",
			"bitplane15",
			"bitplane16",
			"bitplane17",
			"bitplane18",
			"bitplane19",
			"bitplane20",
			"bitplane21",
			"bitplane22",
			"bitplane23",
			"bitplane24",
			"bitplane25",
			"bitplane26",
			"bitplane27",
			"bitplane28",
			"bitplane29",
			"bitplane30",
			"bitplane31",
			"bitplane32"
		]
	},
	"continuousPhysics" : true,
	"gravity" :
	{
		"x" : 0,
		"y" : -10
	},
	"image" :
	[

		{
			"aspectScale" : 1,
			"body" : 0,
			"center" :
			{
				"x" : 1.862645149230957e-09,
				"y" : 0
			},
			"corners" :
			{
				"x" :
				[
					-6.056270122528076,
					6.056270122528076,
					6.056270122528076,
					-6.056270122528076
				],
				"y" :
				[
					-3.105779409408569,
					-3.105779409408569,
					3.105779409408569,
					3.105779409408569
				]
			},
			"file" : "../images/Katana.png",
			"filter" : 1,
			"glDrawElements" : [ 0, 1, 2, 2, 3, 0 ],
			"glTexCoordPointer" : [ 0.0, 0.0, 1, 0.0, 1, 1, 0.0, 1 ],
			"glVertexPointer" :
			[
				-6.056270122528076,
				-3.105779409408569,
				6.056270122528076,
				-3.105779409408569,
				6.056270122528076,
				3.105779409408569,
				-6.056270122528076,
				3.105779409408569
			],
			"name" : "image0",
			"opacity" : 0.5,
			"scale" : 6.211558818817139
		}
	],
	"positionIterations" : 3,
	"stepsPerSecond" : 60.0,
	"subStepping" : false,
	"velocityIterations" : 8,
	"warmStarting" : true
}
